<?xml version="1.0" encoding="UTF-8"?>
<project-private xmlns="http://www.netbeans.org/ns/project-private/1">
    <editor-bookmarks xmlns="http://www.netbeans.org/ns/editor-bookmarks/2" lastBookmarkId="0"/>
    <open-files xmlns="http://www.netbeans.org/ns/projectui-open-files/2">
        <group>
            <file>file:/C:/Users/gcama/Desktop/Processamento%20Dados%20com%20Streams%20de%20Java/Projeto/UniversalCalculatorAPP/src/UniversalCalculatorModel/Slot.java</file>
            <file>file:/C:/Users/gcama/Desktop/Processamento%20Dados%20com%20Streams%20de%20Java/Projeto/UniversalCalculatorAPP/src/UniversalCalculatorView/AgendaView.java</file>
            <file>file:/C:/Users/gcama/Desktop/Processamento%20Dados%20com%20Streams%20de%20Java/Projeto/UniversalCalculatorAPP/src/UniversalCalculatorView/View.java</file>
            <file>file:/C:/Users/gcama/Desktop/Processamento%20Dados%20com%20Streams%20de%20Java/Projeto/UniversalCalculatorAPP/src/UniversalCalculatorView/RegisterUserPageView.java</file>
            <file>file:/C:/Users/gcama/Desktop/Processamento%20Dados%20com%20Streams%20de%20Java/Projeto/UniversalCalculatorAPP/src/UniversalCalculatorModel/Model.java</file>
            <file>file:/C:/Users/gcama/Desktop/Processamento%20Dados%20com%20Streams%20de%20Java/Projeto/UniversalCalculatorAPP/src/UniversalCalculatorModel/Users.java</file>
            <file>file:/C:/Users/gcama/Desktop/Processamento%20Dados%20com%20Streams%20de%20Java/Projeto/UniversalCalculatorAPP/src/UniversalCalculatorView/DateCalculatorView.java</file>
            <file>file:/C:/Users/gcama/Desktop/Processamento%20Dados%20com%20Streams%20de%20Java/Projeto/UniversalCalculatorAPP/src/UniversalCalculatorModel/User.java</file>
            <file>file:/C:/Users/gcama/Desktop/Processamento%20Dados%20com%20Streams%20de%20Java/Projeto/UniversalCalculatorAPP/src/UniversalCalculatorModel/Agenda.java</file>
            <file>file:/C:/Users/gcama/Desktop/Processamento%20Dados%20com%20Streams%20de%20Java/Projeto/UniversalCalculatorAPP/src/UniversalCalculatorModel/UniversalCalculatorData.java</file>
            <file>file:/C:/Users/gcama/Desktop/Processamento%20Dados%20com%20Streams%20de%20Java/Projeto/UniversalCalculatorAPP/src/UniversalCalculatorModel/TimeZone.java</file>
            <file>file:/C:/Users/gcama/Desktop/Processamento%20Dados%20com%20Streams%20de%20Java/Projeto/UniversalCalculatorAPP/src/UniversalCalculatorModel/Contacto.java</file>
            <file>file:/C:/Users/gcama/Desktop/Processamento%20Dados%20com%20Streams%20de%20Java/Projeto/UniversalCalculatorAPP/src/UniversalCalculatorView/ContactosView.java</file>
            <file>file:/C:/Users/gcama/Desktop/Processamento%20Dados%20com%20Streams%20de%20Java/Projeto/UniversalCalculatorAPP/src/UniversalCalculatorView/TimeZoneView.java</file>
            <file>file:/C:/Users/gcama/Desktop/Processamento%20Dados%20com%20Streams%20de%20Java/Projeto/UniversalCalculatorAPP/src/UniversalCalculatorView/LoginPageView.java</file>
            <file>file:/C:/Users/gcama/Desktop/Processamento%20Dados%20com%20Streams%20de%20Java/Projeto/UniversalCalculatorAPP/src/UniversalCalculatorView/MainPageView.java</file>
            <file>file:/C:/Users/gcama/Desktop/Processamento%20Dados%20com%20Streams%20de%20Java/Projeto/UniversalCalculatorAPP/src/UniversalCalculatorController/Controller.java</file>
            <file>file:/C:/Users/gcama/Desktop/Processamento%20Dados%20com%20Streams%20de%20Java/Projeto/UniversalCalculatorAPP/src/universalcalculatorapp/UniversalCalculatorAPP.java</file>
        </group>
    </open-files>
</project-private>
